/*
SQLyog Ultimate v8.32 
MySQL - 5.7.21 : Database - order
*********************************************************************
*/

/*!40101 SET NAMES utf8 */;

/*!40101 SET SQL_MODE=''*/;

/*!40014 SET @OLD_UNIQUE_CHECKS=@@UNIQUE_CHECKS, UNIQUE_CHECKS=0 */;
/*!40014 SET @OLD_FOREIGN_KEY_CHECKS=@@FOREIGN_KEY_CHECKS, FOREIGN_KEY_CHECKS=0 */;
/*!40101 SET @OLD_SQL_MODE=@@SQL_MODE, SQL_MODE='NO_AUTO_VALUE_ON_ZERO' */;
/*!40111 SET @OLD_SQL_NOTES=@@SQL_NOTES, SQL_NOTES=0 */;
CREATE DATABASE /*!32312 IF NOT EXISTS*/`order` /*!40100 DEFAULT CHARACTER SET utf8 */;

USE `order`;

/*Table structure for table `oms_cart_item` */

DROP TABLE IF EXISTS `oms_cart_item`;

CREATE TABLE `oms_cart_item` (
  `id` bigint(20) NOT NULL AUTO_INCREMENT,
  `product_id` bigint(20) DEFAULT NULL,
  `product_sku_id` bigint(20) DEFAULT NULL,
  `member_id` bigint(20) DEFAULT NULL,
  `quantity` int(11) DEFAULT NULL COMMENT '购买数量',
  `price` decimal(10,2) DEFAULT NULL COMMENT '添加到购物车的价格',
  `sp1` varchar(200) DEFAULT NULL COMMENT '销售属性1',
  `sp2` varchar(200) DEFAULT NULL COMMENT '销售属性2',
  `sp3` varchar(200) DEFAULT NULL COMMENT '销售属性3',
  `product_pic` varchar(1000) DEFAULT NULL COMMENT '商品主图',
  `product_name` varchar(500) DEFAULT NULL COMMENT '商品名称',
  `product_sub_title` varchar(500) DEFAULT NULL COMMENT '商品副标题（卖点）',
  `product_sku_code` varchar(200) DEFAULT NULL COMMENT '商品sku条码',
  `member_nickname` varchar(500) DEFAULT NULL COMMENT '会员昵称',
  `create_date` datetime DEFAULT NULL COMMENT '创建时间',
  `modify_date` datetime DEFAULT NULL COMMENT '修改时间',
  `delete_status` int(1) DEFAULT '0' COMMENT '是否删除',
  `product_category_id` bigint(20) DEFAULT NULL COMMENT '商品分类',
  `product_brand` varchar(200) DEFAULT NULL,
  `product_sn` varchar(200) DEFAULT NULL,
  `product_attr` varchar(500) DEFAULT NULL COMMENT '商品销售属性:[{"key":"颜色","value":"颜色"},{"key":"容量","value":"4G"}]',
  PRIMARY KEY (`id`)
) ENGINE=InnoDB AUTO_INCREMENT=17 DEFAULT CHARSET=utf8 COMMENT='购物车表';

/*Data for the table `oms_cart_item` */

insert  into `oms_cart_item`(`id`,`product_id`,`product_sku_id`,`member_id`,`quantity`,`price`,`sp1`,`sp2`,`sp3`,`product_pic`,`product_name`,`product_sub_title`,`product_sku_code`,`member_nickname`,`create_date`,`modify_date`,`delete_status`,`product_category_id`,`product_brand`,`product_sn`,`product_attr`) values (12,26,90,1,1,'3788.00','金色','16G',NULL,NULL,'华为 HUAWEI P20','AI智慧全面屏 6GB +64GB 亮黑色 全网通版 移动联通电信4G手机 双卡双待手机 双卡双待','201806070026001','windir','2018-08-27 16:53:44',NULL,0,19,NULL,NULL,NULL),(13,27,98,1,3,'2699.00','黑色','32G',NULL,NULL,'小米8','骁龙845处理器，红外人脸解锁，AI变焦双摄，AI语音助手小米6X低至1299，点击抢购','201808270027001','windir','2018-08-27 17:11:53',NULL,0,19,NULL,NULL,NULL),(14,28,102,1,1,'649.00','金色','16G',NULL,NULL,'红米5A','8天超长待机，137g轻巧机身，高通骁龙处理器小米6X低至1299，点击抢购','201808270028001','windir','2018-08-27 17:18:02',NULL,0,19,NULL,NULL,NULL),(15,28,103,1,1,'699.00','金色','32G',NULL,NULL,'红米5A','8天超长待机，137g轻巧机身，高通骁龙处理器小米6X低至1299，点击抢购','201808270028001','windir','2018-08-28 10:22:45',NULL,0,19,NULL,NULL,NULL),(16,29,106,1,1,'5499.00','金色','32G',NULL,NULL,'Apple iPhone 8 Plus','【限时限量抢购】Apple产品年中狂欢节，好物尽享，美在智慧！速来 >> 勾选[保障服务][原厂保2年]，获得AppleCare+全方位服务计划，原厂延保售后无忧。','201808270029001','windir','2018-08-28 10:50:50',NULL,0,19,NULL,NULL,NULL);

/*Table structure for table `oms_company_address` */

DROP TABLE IF EXISTS `oms_company_address`;

CREATE TABLE `oms_company_address` (
  `id` bigint(20) NOT NULL AUTO_INCREMENT,
  `address_name` varchar(200) DEFAULT NULL COMMENT '地址名称',
  `send_status` int(1) DEFAULT NULL COMMENT '默认发货地址：0->否；1->是',
  `receive_status` int(1) DEFAULT NULL COMMENT '是否默认收货地址：0->否；1->是',
  `name` varchar(64) DEFAULT NULL COMMENT '收发货人姓名',
  `phone` varchar(64) DEFAULT NULL COMMENT '收货人电话',
  `province` varchar(64) DEFAULT NULL COMMENT '省/直辖市',
  `city` varchar(64) DEFAULT NULL COMMENT '市',
  `region` varchar(64) DEFAULT NULL COMMENT '区',
  `detail_address` varchar(200) DEFAULT NULL COMMENT '详细地址',
  PRIMARY KEY (`id`)
) ENGINE=InnoDB AUTO_INCREMENT=4 DEFAULT CHARSET=utf8 COMMENT='公司收发货地址表';

/*Data for the table `oms_company_address` */

insert  into `oms_company_address`(`id`,`address_name`,`send_status`,`receive_status`,`name`,`phone`,`province`,`city`,`region`,`detail_address`) values (1,'深圳发货点',1,1,'大梨','18000000000','广东省','深圳市','南山区','科兴科学园'),(2,'北京发货点',0,0,'大梨','18000000000','北京市',NULL,'南山区','科兴科学园'),(3,'南京发货点',0,0,'大梨','18000000000','江苏省','南京市','南山区','科兴科学园');

/*Table structure for table `oms_order` */

DROP TABLE IF EXISTS `oms_order`;

CREATE TABLE `oms_order` (
  `id` bigint(20) NOT NULL AUTO_INCREMENT COMMENT '订单id',
  `member_id` bigint(20) NOT NULL,
  `coupon_id` bigint(20) DEFAULT NULL,
  `order_sn` varchar(64) DEFAULT NULL COMMENT '订单编号',
  `create_time` datetime DEFAULT NULL COMMENT '提交时间',
  `member_username` varchar(64) DEFAULT NULL COMMENT '用户帐号',
  `total_amount` decimal(10,2) DEFAULT NULL COMMENT '订单总金额',
  `pay_amount` decimal(10,2) DEFAULT NULL COMMENT '应付金额（实际支付金额）',
  `freight_amount` decimal(10,2) DEFAULT NULL COMMENT '运费金额',
  `promotion_amount` decimal(10,2) DEFAULT NULL COMMENT '促销优化金额（促销价、满减、阶梯价）',
  `integration_amount` decimal(10,2) DEFAULT NULL COMMENT '积分抵扣金额',
  `coupon_amount` decimal(10,2) DEFAULT NULL COMMENT '优惠券抵扣金额',
  `discount_amount` decimal(10,2) DEFAULT NULL COMMENT '管理员后台调整订单使用的折扣金额',
  `pay_type` int(1) DEFAULT NULL COMMENT '支付方式：0->未支付；1->支付宝；2->微信',
  `source_type` int(1) DEFAULT NULL COMMENT '订单来源：0->PC订单；1->app订单',
  `status` int(1) DEFAULT NULL COMMENT '订单状态：0->待付款；1->待发货；2->已发货；3->已完成；4->已关闭；5->无效订单',
  `order_type` int(1) DEFAULT NULL COMMENT '订单类型：0->正常订单；1->秒杀订单',
  `delivery_company` varchar(64) DEFAULT NULL COMMENT '物流公司(配送方式)',
  `delivery_sn` varchar(64) DEFAULT NULL COMMENT '物流单号',
  `auto_confirm_day` int(11) DEFAULT NULL COMMENT '自动确认时间（天）',
  `integration` int(11) DEFAULT NULL COMMENT '可以获得的积分',
  `growth` int(11) DEFAULT NULL COMMENT '可以活动的成长值',
  `promotion_info` varchar(100) DEFAULT NULL COMMENT '活动信息',
  `bill_type` int(1) DEFAULT NULL COMMENT '发票类型：0->不开发票；1->电子发票；2->纸质发票',
  `bill_header` varchar(200) DEFAULT NULL COMMENT '发票抬头',
  `bill_content` varchar(200) DEFAULT NULL COMMENT '发票内容',
  `bill_receiver_phone` varchar(32) DEFAULT NULL COMMENT '收票人电话',
  `bill_receiver_email` varchar(64) DEFAULT NULL COMMENT '收票人邮箱',
  `receiver_name` varchar(100) NOT NULL COMMENT '收货人姓名',
  `receiver_phone` varchar(32) NOT NULL COMMENT '收货人电话',
  `receiver_post_code` varchar(32) DEFAULT NULL COMMENT '收货人邮编',
  `receiver_province` varchar(32) DEFAULT NULL COMMENT '省份/直辖市',
  `receiver_city` varchar(32) DEFAULT NULL COMMENT '城市',
  `receiver_region` varchar(32) DEFAULT NULL COMMENT '区',
  `receiver_detail_address` varchar(200) DEFAULT NULL COMMENT '详细地址',
  `note` varchar(500) DEFAULT NULL COMMENT '订单备注',
  `confirm_status` int(1) DEFAULT NULL COMMENT '确认收货状态：0->未确认；1->已确认',
  `delete_status` int(1) NOT NULL DEFAULT '0' COMMENT '删除状态：0->未删除；1->已删除',
  `use_integration` int(11) DEFAULT NULL COMMENT '下单时使用的积分',
  `payment_time` datetime DEFAULT NULL COMMENT '支付时间',
  `delivery_time` datetime DEFAULT NULL COMMENT '发货时间',
  `receive_time` datetime DEFAULT NULL COMMENT '确认收货时间',
  `comment_time` datetime DEFAULT NULL COMMENT '评价时间',
  `modify_time` datetime DEFAULT NULL COMMENT '修改时间',
  PRIMARY KEY (`id`)
) ENGINE=InnoDB AUTO_INCREMENT=26 DEFAULT CHARSET=utf8 COMMENT='订单表';

/*Data for the table `oms_order` */

insert  into `oms_order`(`id`,`member_id`,`coupon_id`,`order_sn`,`create_time`,`member_username`,`total_amount`,`pay_amount`,`freight_amount`,`promotion_amount`,`integration_amount`,`coupon_amount`,`discount_amount`,`pay_type`,`source_type`,`status`,`order_type`,`delivery_company`,`delivery_sn`,`auto_confirm_day`,`integration`,`growth`,`promotion_info`,`bill_type`,`bill_header`,`bill_content`,`bill_receiver_phone`,`bill_receiver_email`,`receiver_name`,`receiver_phone`,`receiver_post_code`,`receiver_province`,`receiver_city`,`receiver_region`,`receiver_detail_address`,`note`,`confirm_status`,`delete_status`,`use_integration`,`payment_time`,`delivery_time`,`receive_time`,`comment_time`,`modify_time`) values (13,1,2,'201809150102000002','2018-09-15 14:24:29','test','18732.00','16377.75','0.00','2344.25','0.00','10.00','0.00',1,1,1,0,'顺丰快递','',15,13284,13284,'单品促销,打折优惠：满3件，打7.50折,满减优惠：满1000.00元，减120.00元,满减优惠：满1000.00元，减120.00元,无优惠',NULL,NULL,NULL,NULL,NULL,'大梨','18033441849','518000','广东省','深圳市','福田区','东晓街道','1111',0,0,1000,'2018-10-11 14:04:19',NULL,NULL,NULL,'2020-01-11 14:20:52'),(14,1,2,'201809130101000001','2018-09-13 16:57:40','test','18732.00','16377.75','0.00','2344.25','0.00','10.00','0.00',2,1,2,0,'顺丰快递','201707196398345',15,13284,13284,'单品促销,打折优惠：满3件，打7.50折,满减优惠：满1000.00元，减120.00元,满减优惠：满1000.00元，减120.00元,无优惠',NULL,NULL,NULL,NULL,NULL,'大梨','18033441849','518000','广东省','深圳市','福田区','东晓街道',NULL,0,0,NULL,'2018-10-13 13:44:04','2018-10-16 13:43:41',NULL,NULL,NULL),(15,1,2,'201809130102000002','2018-09-13 17:03:00','test','18732.00','16377.75','0.00','2344.25','0.00','10.00','0.00',1,1,3,0,'顺丰快递','201707196398346',15,13284,13284,'单品促销,打折优惠：满3件，打7.50折,满减优惠：满1000.00元，减120.00元,满减优惠：满1000.00元，减120.00元,无优惠',NULL,NULL,NULL,NULL,NULL,'大梨','18033441849','518000','广东省','深圳市','福田区','东晓街道',NULL,1,0,NULL,'2018-10-13 13:44:54','2018-10-16 13:45:01','2018-10-18 14:05:31',NULL,NULL),(16,1,2,'201809140101000001','2018-09-14 16:16:16','test','18732.00','16377.75','0.00','2344.25','0.00','10.00','0.00',2,1,4,0,NULL,NULL,15,13284,13284,'单品促销,打折优惠：满3件，打7.50折,满减优惠：满1000.00元，减120.00元,满减优惠：满1000.00元，减120.00元,无优惠',NULL,NULL,NULL,NULL,NULL,'大梨','18033441849','518000','广东省','深圳市','福田区','东晓街道',NULL,0,0,NULL,NULL,NULL,NULL,NULL,NULL),(17,1,2,'201809150101000003','2018-09-15 12:24:27','test','18732.00','16377.75','0.00','2344.25','0.00','10.00','0.00',0,1,4,0,'顺丰快递','201707196398345',15,NULL,NULL,'单品促销,打折优惠：满3件，打7.50折,满减优惠：满1000.00元，减120.00元,满减优惠：满1000.00元，减120.00元,无优惠',NULL,NULL,NULL,NULL,NULL,'大梨','18033441849','518000','广东省','深圳市','福田区','东晓街道',NULL,0,0,NULL,NULL,'2018-10-12 14:01:28',NULL,NULL,NULL),(18,1,2,'201809150102000004','2018-09-15 14:24:29','test','18732.00','16377.75','0.00','2344.25','0.00','10.00','0.00',1,1,1,0,'顺丰快递','xx',15,NULL,NULL,'单品促销,打折优惠：满3件，打7.50折,满减优惠：满1000.00元，减120.00元,满减优惠：满1000.00元，减120.00元,无优惠',NULL,NULL,NULL,NULL,NULL,'大梨','18033441849','518000','广东省','深圳市','福田区','东晓街道',NULL,0,0,1000,NULL,'2018-10-16 14:42:17',NULL,NULL,NULL),(19,1,2,'201809130101000003','2018-09-13 16:57:40','test','18732.00','16377.75','0.00','2344.25','0.00','10.00','0.00',2,1,2,0,NULL,NULL,15,NULL,NULL,'单品促销,打折优惠：满3件，打7.50折,满减优惠：满1000.00元，减120.00元,满减优惠：满1000.00元，减120.00元,无优惠',NULL,NULL,NULL,NULL,NULL,'大梨','18033441849','518000','广东省','深圳市','福田区','东晓街道',NULL,0,0,NULL,NULL,NULL,NULL,NULL,NULL),(20,1,2,'201809130102000004','2018-09-13 17:03:00','test','18732.00','16377.75','0.00','2344.25','0.00','10.00','0.00',1,1,3,0,NULL,NULL,15,NULL,NULL,'单品促销,打折优惠：满3件，打7.50折,满减优惠：满1000.00元，减120.00元,满减优惠：满1000.00元，减120.00元,无优惠',NULL,NULL,NULL,NULL,NULL,'大梨','18033441849','518000','广东省','深圳市','福田区','东晓街道',NULL,0,0,NULL,NULL,NULL,NULL,NULL,NULL),(21,1,2,'201809140101000002','2018-09-14 16:16:16','test','18732.00','16377.75','0.00','2344.25','0.00','10.00','0.00',2,1,4,0,NULL,NULL,15,18682,18682,'单品促销,打折优惠：满3件，打7.50折,满减优惠：满1000.00元，减120.00元,满减优惠：满1000.00元，减120.00元,无优惠',NULL,NULL,NULL,NULL,NULL,'大梨','18033441849','518000','广东省','深圳市','福田区','东晓街道',NULL,0,0,NULL,NULL,NULL,NULL,NULL,NULL),(22,1,2,'201809150101000005','2018-09-15 12:24:27','test','18732.00','16377.75','0.00','2344.25','0.00','10.00','0.00',0,1,4,0,'顺丰快递','201707196398345',15,0,0,'单品促销,打折优惠：满3件，打7.50折,满减优惠：满1000.00元，减120.00元,满减优惠：满1000.00元，减120.00元,无优惠',NULL,NULL,NULL,NULL,NULL,'大梨','18033441849','518000','广东省','深圳市','福田区','东晓街道',NULL,0,0,NULL,NULL,'2018-10-12 14:01:28',NULL,NULL,NULL),(23,1,2,'201809150102000006','2018-09-15 14:24:29','test','18732.00','16377.75','0.00','2344.25','0.00','10.00','0.00',1,1,1,0,'顺丰快递','xxx',15,0,0,'单品促销,打折优惠：满3件，打7.50折,满减优惠：满1000.00元，减120.00元,满减优惠：满1000.00元，减120.00元,无优惠',NULL,NULL,NULL,NULL,NULL,'大梨','18033441849','518000','广东省','深圳市','福田区','东晓街道',NULL,0,0,1000,NULL,'2018-10-16 14:41:28',NULL,NULL,NULL),(24,1,2,'201809130101000005','2018-09-13 16:57:40','test','18732.00','16377.75','0.00','2344.25','0.00','10.00','0.00',2,1,2,0,NULL,NULL,15,18682,18682,'单品促销,打折优惠：满3件，打7.50折,满减优惠：满1000.00元，减120.00元,满减优惠：满1000.00元，减120.00元,无优惠',NULL,NULL,NULL,NULL,NULL,'大梨','18033441849','518000','广东省','深圳市','福田区','东晓街道',NULL,0,0,NULL,NULL,NULL,NULL,NULL,NULL),(25,1,2,'201809130102000006','2018-09-13 17:03:00','test','18732.00','16377.75','10.00','2344.25','0.00','10.00','5.00',1,1,4,0,NULL,NULL,15,18682,18682,'单品促销,打折优惠：满3件，打7.50折,满减优惠：满1000.00元，减120.00元,满减优惠：满1000.00元，减120.00元,无优惠',NULL,NULL,NULL,NULL,NULL,'小明','18033441849','518000','北京市','北京城区','东城区','东城街道','xxx',0,0,NULL,NULL,NULL,NULL,NULL,'2018-10-30 15:08:31');

/*Table structure for table `oms_order_item` */

DROP TABLE IF EXISTS `oms_order_item`;

CREATE TABLE `oms_order_item` (
  `id` bigint(20) NOT NULL AUTO_INCREMENT,
  `order_id` bigint(20) DEFAULT NULL COMMENT '订单id',
  `order_sn` varchar(64) DEFAULT NULL COMMENT '订单编号',
  `product_id` bigint(20) DEFAULT NULL,
  `product_pic` varchar(500) DEFAULT NULL,
  `product_name` varchar(200) DEFAULT NULL,
  `product_brand` varchar(200) DEFAULT NULL,
  `product_sn` varchar(64) DEFAULT NULL,
  `product_price` decimal(10,2) DEFAULT NULL COMMENT '销售价格',
  `product_quantity` int(11) DEFAULT NULL COMMENT '购买数量',
  `product_sku_id` bigint(20) DEFAULT NULL COMMENT '商品sku编号',
  `product_sku_code` varchar(50) DEFAULT NULL COMMENT '商品sku条码',
  `product_category_id` bigint(20) DEFAULT NULL COMMENT '商品分类id',
  `sp1` varchar(100) DEFAULT NULL COMMENT '商品的销售属性',
  `sp2` varchar(100) DEFAULT NULL,
  `sp3` varchar(100) DEFAULT NULL,
  `promotion_name` varchar(200) DEFAULT NULL COMMENT '商品促销名称',
  `promotion_amount` decimal(10,2) DEFAULT NULL COMMENT '商品促销分解金额',
  `coupon_amount` decimal(10,2) DEFAULT NULL COMMENT '优惠券优惠分解金额',
  `integration_amount` decimal(10,2) DEFAULT NULL COMMENT '积分优惠分解金额',
  `real_amount` decimal(10,2) DEFAULT NULL COMMENT '该商品经过优惠后的分解金额',
  `gift_integration` int(11) DEFAULT '0',
  `gift_growth` int(11) DEFAULT '0',
  `product_attr` varchar(500) DEFAULT NULL COMMENT '商品销售属性:[{"key":"颜色","value":"颜色"},{"key":"容量","value":"4G"}]',
  PRIMARY KEY (`id`)
) ENGINE=InnoDB AUTO_INCREMENT=46 DEFAULT CHARSET=utf8 COMMENT='订单中所包含的商品';

/*Data for the table `oms_order_item` */

insert  into `oms_order_item`(`id`,`order_id`,`order_sn`,`product_id`,`product_pic`,`product_name`,`product_brand`,`product_sn`,`product_price`,`product_quantity`,`product_sku_id`,`product_sku_code`,`product_category_id`,`sp1`,`sp2`,`sp3`,`promotion_name`,`promotion_amount`,`coupon_amount`,`integration_amount`,`real_amount`,`gift_integration`,`gift_growth`,`product_attr`) values (21,12,'201809150101000001',26,'http://macro-oss.oss-cn-shenzhen.aliyuncs.com/mall/images/20180607/5ac1bf58Ndefaac16.jpg','华为 HUAWEI P20','华为','6946605','3788.00',1,90,'201806070026001',19,NULL,NULL,NULL,'单品促销','200.00','2.02','0.00','3585.98',3788,3788,'[{\"key\":\"颜色\",\"value\":\"金色\"},{\"key\":\"容量\",\"value\":\"16G\"}]'),(22,12,'201809150101000001',27,'http://macro-oss.oss-cn-shenzhen.aliyuncs.com/mall/images/20180615/xiaomi.jpg','小米8','小米','7437788','2699.00',3,98,'201808270027001',19,NULL,NULL,NULL,'打折优惠：满3件，打7.50折','674.75','1.44','0.00','2022.81',2699,2699,'[{\"key\":\"颜色\",\"value\":\"黑色\"},{\"key\":\"容量\",\"value\":\"32G\"}]'),(23,12,'201809150101000001',28,'http://macro-oss.oss-cn-shenzhen.aliyuncs.com/mall/images/20180615/5a9d248cN071f4959.jpg','红米5A','小米','7437789','649.00',1,102,'201808270028001',19,NULL,NULL,NULL,'满减优惠：满1000.00元，减120.00元','57.60','0.35','0.00','591.05',649,649,'[{\"key\":\"颜色\",\"value\":\"金色\"},{\"key\":\"容量\",\"value\":\"16G\"}]'),(24,12,'201809150101000001',28,'http://macro-oss.oss-cn-shenzhen.aliyuncs.com/mall/images/20180615/5a9d248cN071f4959.jpg','红米5A','小米','7437789','699.00',1,103,'201808270028001',19,NULL,NULL,NULL,'满减优惠：满1000.00元，减120.00元','62.40','0.37','0.00','636.23',649,649,'[{\"key\":\"颜色\",\"value\":\"金色\"},{\"key\":\"容量\",\"value\":\"32G\"}]'),(25,12,'201809150101000001',29,'http://macro-oss.oss-cn-shenzhen.aliyuncs.com/mall/images/20180615/5acc5248N6a5f81cd.jpg','Apple iPhone 8 Plus','苹果','7437799','5499.00',1,106,'201808270029001',19,NULL,NULL,NULL,'无优惠','0.00','2.94','0.00','5496.06',5499,5499,'[{\"key\":\"颜色\",\"value\":\"金色\"},{\"key\":\"容量\",\"value\":\"32G\"}]'),(26,13,'201809150102000002',26,'http://macro-oss.oss-cn-shenzhen.aliyuncs.com/mall/images/20180607/5ac1bf58Ndefaac16.jpg','华为 HUAWEI P20','华为','6946605','3788.00',1,90,'201806070026001',19,NULL,NULL,NULL,'单品促销','200.00','2.02','0.00','3585.98',3788,3788,'[{\"key\":\"颜色\",\"value\":\"金色\"},{\"key\":\"容量\",\"value\":\"16G\"}]'),(27,13,'201809150102000002',27,'http://macro-oss.oss-cn-shenzhen.aliyuncs.com/mall/images/20180615/xiaomi.jpg','小米8','小米','7437788','2699.00',3,98,'201808270027001',19,NULL,NULL,NULL,'打折优惠：满3件，打7.50折','674.75','1.44','0.00','2022.81',2699,2699,'[{\"key\":\"颜色\",\"value\":\"黑色\"},{\"key\":\"容量\",\"value\":\"32G\"}]'),(28,13,'201809150102000002',28,'http://macro-oss.oss-cn-shenzhen.aliyuncs.com/mall/images/20180615/5a9d248cN071f4959.jpg','红米5A','小米','7437789','649.00',1,102,'201808270028001',19,NULL,NULL,NULL,'满减优惠：满1000.00元，减120.00元','57.60','0.35','0.00','591.05',649,649,'[{\"key\":\"颜色\",\"value\":\"金色\"},{\"key\":\"容量\",\"value\":\"16G\"}]'),(29,13,'201809150102000002',28,'http://macro-oss.oss-cn-shenzhen.aliyuncs.com/mall/images/20180615/5a9d248cN071f4959.jpg','红米5A','小米','7437789','699.00',1,103,'201808270028001',19,NULL,NULL,NULL,'满减优惠：满1000.00元，减120.00元','62.40','0.37','0.00','636.23',649,649,'[{\"key\":\"颜色\",\"value\":\"金色\"},{\"key\":\"容量\",\"value\":\"32G\"}]'),(30,13,'201809150102000002',29,'http://macro-oss.oss-cn-shenzhen.aliyuncs.com/mall/images/20180615/5acc5248N6a5f81cd.jpg','Apple iPhone 8 Plus','苹果','7437799','5499.00',1,106,'201808270029001',19,NULL,NULL,NULL,'无优惠','0.00','2.94','0.00','5496.06',5499,5499,'[{\"key\":\"颜色\",\"value\":\"金色\"},{\"key\":\"容量\",\"value\":\"32G\"}]'),(31,14,'201809130101000001',26,'http://macro-oss.oss-cn-shenzhen.aliyuncs.com/mall/images/20180607/5ac1bf58Ndefaac16.jpg','华为 HUAWEI P20','华为','6946605','3788.00',1,90,'201806070026001',19,NULL,NULL,NULL,'单品促销','200.00','2.02','0.00','3585.98',3788,3788,'[{\"key\":\"颜色\",\"value\":\"金色\"},{\"key\":\"容量\",\"value\":\"16G\"}]'),(32,14,'201809130101000001',27,'http://macro-oss.oss-cn-shenzhen.aliyuncs.com/mall/images/20180615/xiaomi.jpg','小米8','小米','7437788','2699.00',3,98,'201808270027001',19,NULL,NULL,NULL,'打折优惠：满3件，打7.50折','674.75','1.44','0.00','2022.81',2699,2699,'[{\"key\":\"颜色\",\"value\":\"黑色\"},{\"key\":\"容量\",\"value\":\"32G\"}]'),(33,14,'201809130101000001',28,'http://macro-oss.oss-cn-shenzhen.aliyuncs.com/mall/images/20180615/5a9d248cN071f4959.jpg','红米5A','小米','7437789','649.00',1,102,'201808270028001',19,NULL,NULL,NULL,'满减优惠：满1000.00元，减120.00元','57.60','0.35','0.00','591.05',649,649,'[{\"key\":\"颜色\",\"value\":\"金色\"},{\"key\":\"容量\",\"value\":\"16G\"}]'),(34,14,'201809130101000001',28,'http://macro-oss.oss-cn-shenzhen.aliyuncs.com/mall/images/20180615/5a9d248cN071f4959.jpg','红米5A','小米','7437789','699.00',1,103,'201808270028001',19,NULL,NULL,NULL,'满减优惠：满1000.00元，减120.00元','62.40','0.37','0.00','636.23',649,649,'[{\"key\":\"颜色\",\"value\":\"金色\"},{\"key\":\"容量\",\"value\":\"32G\"}]'),(35,14,'201809130101000001',29,'http://macro-oss.oss-cn-shenzhen.aliyuncs.com/mall/images/20180615/5acc5248N6a5f81cd.jpg','Apple iPhone 8 Plus','苹果','7437799','5499.00',1,106,'201808270029001',19,NULL,NULL,NULL,'无优惠','0.00','2.94','0.00','5496.06',5499,5499,'[{\"key\":\"颜色\",\"value\":\"金色\"},{\"key\":\"容量\",\"value\":\"32G\"}]'),(36,15,'201809130101000001',26,'http://macro-oss.oss-cn-shenzhen.aliyuncs.com/mall/images/20180607/5ac1bf58Ndefaac16.jpg','华为 HUAWEI P20','华为','6946605','3788.00',1,90,'201806070026001',19,NULL,NULL,NULL,'单品促销','200.00','2.02','0.00','3585.98',3788,3788,'[{\"key\":\"颜色\",\"value\":\"金色\"},{\"key\":\"容量\",\"value\":\"16G\"}]'),(37,15,'201809130101000001',27,'http://macro-oss.oss-cn-shenzhen.aliyuncs.com/mall/images/20180615/xiaomi.jpg','小米8','小米','7437788','2699.00',3,98,'201808270027001',19,NULL,NULL,NULL,'打折优惠：满3件，打7.50折','674.75','1.44','0.00','2022.81',2699,2699,'[{\"key\":\"颜色\",\"value\":\"黑色\"},{\"key\":\"容量\",\"value\":\"32G\"}]'),(38,15,'201809130101000001',28,'http://macro-oss.oss-cn-shenzhen.aliyuncs.com/mall/images/20180615/5a9d248cN071f4959.jpg','红米5A','小米','7437789','649.00',1,102,'201808270028001',19,NULL,NULL,NULL,'满减优惠：满1000.00元，减120.00元','57.60','0.35','0.00','591.05',649,649,'[{\"key\":\"颜色\",\"value\":\"金色\"},{\"key\":\"容量\",\"value\":\"16G\"}]'),(39,15,'201809130101000001',28,'http://macro-oss.oss-cn-shenzhen.aliyuncs.com/mall/images/20180615/5a9d248cN071f4959.jpg','红米5A','小米','7437789','699.00',1,103,'201808270028001',19,NULL,NULL,NULL,'满减优惠：满1000.00元，减120.00元','62.40','0.37','0.00','636.23',649,649,'[{\"key\":\"颜色\",\"value\":\"金色\"},{\"key\":\"容量\",\"value\":\"32G\"}]'),(40,15,'201809130101000001',29,'http://macro-oss.oss-cn-shenzhen.aliyuncs.com/mall/images/20180615/5acc5248N6a5f81cd.jpg','Apple iPhone 8 Plus','苹果','7437799','5499.00',1,106,'201808270029001',19,NULL,NULL,NULL,'无优惠','0.00','2.94','0.00','5496.06',5499,5499,'[{\"key\":\"颜色\",\"value\":\"金色\"},{\"key\":\"容量\",\"value\":\"32G\"}]'),(41,16,'201809140101000001',26,'http://macro-oss.oss-cn-shenzhen.aliyuncs.com/mall/images/20180607/5ac1bf58Ndefaac16.jpg','华为 HUAWEI P20','华为','6946605','3788.00',1,90,'201806070026001',19,NULL,NULL,NULL,'单品促销','200.00','2.02','0.00','3585.98',3788,3788,'[{\"key\":\"颜色\",\"value\":\"金色\"},{\"key\":\"容量\",\"value\":\"16G\"}]'),(42,16,'201809140101000001',27,'http://macro-oss.oss-cn-shenzhen.aliyuncs.com/mall/images/20180615/xiaomi.jpg','小米8','小米','7437788','2699.00',3,98,'201808270027001',19,NULL,NULL,NULL,'打折优惠：满3件，打7.50折','674.75','1.44','0.00','2022.81',2699,2699,'[{\"key\":\"颜色\",\"value\":\"黑色\"},{\"key\":\"容量\",\"value\":\"32G\"}]'),(43,16,'201809140101000001',28,'http://macro-oss.oss-cn-shenzhen.aliyuncs.com/mall/images/20180615/5a9d248cN071f4959.jpg','红米5A','小米','7437789','649.00',1,102,'201808270028001',19,NULL,NULL,NULL,'满减优惠：满1000.00元，减120.00元','57.60','0.35','0.00','591.05',649,649,'[{\"key\":\"颜色\",\"value\":\"金色\"},{\"key\":\"容量\",\"value\":\"16G\"}]'),(44,16,'201809140101000001',28,'http://macro-oss.oss-cn-shenzhen.aliyuncs.com/mall/images/20180615/5a9d248cN071f4959.jpg','红米5A','小米','7437789','699.00',1,103,'201808270028001',19,NULL,NULL,NULL,'满减优惠：满1000.00元，减120.00元','62.40','0.37','0.00','636.23',649,649,'[{\"key\":\"颜色\",\"value\":\"金色\"},{\"key\":\"容量\",\"value\":\"32G\"}]'),(45,16,'201809140101000001',29,'http://macro-oss.oss-cn-shenzhen.aliyuncs.com/mall/images/20180615/5acc5248N6a5f81cd.jpg','Apple iPhone 8 Plus','苹果','7437799','5499.00',1,106,'201808270029001',19,NULL,NULL,NULL,'无优惠','0.00','2.94','0.00','5496.06',5499,5499,'[{\"key\":\"颜色\",\"value\":\"金色\"},{\"key\":\"容量\",\"value\":\"32G\"}]');

/*Table structure for table `oms_order_operate_history` */

DROP TABLE IF EXISTS `oms_order_operate_history`;

CREATE TABLE `oms_order_operate_history` (
  `id` bigint(20) NOT NULL AUTO_INCREMENT,
  `order_id` bigint(20) DEFAULT NULL COMMENT '订单id',
  `operate_man` varchar(100) DEFAULT NULL COMMENT '操作人：用户；系统；后台管理员',
  `create_time` datetime DEFAULT NULL COMMENT '操作时间',
  `order_status` int(1) DEFAULT NULL COMMENT '订单状态：0->待付款；1->待发货；2->已发货；3->已完成；4->已关闭；5->无效订单',
  `note` varchar(500) DEFAULT NULL COMMENT '备注',
  PRIMARY KEY (`id`)
) ENGINE=InnoDB AUTO_INCREMENT=27 DEFAULT CHARSET=utf8 COMMENT='订单操作历史记录';

/*Data for the table `oms_order_operate_history` */

insert  into `oms_order_operate_history`(`id`,`order_id`,`operate_man`,`create_time`,`order_status`,`note`) values (23,13,'admin','2020-01-03 21:02:22',2,'发货成功'),(24,13,'admin','2020-01-03 21:06:01',2,'发货成功'),(25,13,'admin','2020-01-11 14:20:51',1,'修改备注信息：1111'),(26,18,'admin','2020-01-11 14:23:56',2,'发货成功');

/*Table structure for table `oms_order_return_apply` */

DROP TABLE IF EXISTS `oms_order_return_apply`;

CREATE TABLE `oms_order_return_apply` (
  `id` bigint(20) NOT NULL AUTO_INCREMENT,
  `order_id` bigint(20) DEFAULT NULL COMMENT '订单id',
  `company_address_id` bigint(20) DEFAULT NULL COMMENT '收货地址表id',
  `product_id` bigint(20) DEFAULT NULL COMMENT '退货商品id',
  `order_sn` varchar(64) DEFAULT NULL COMMENT '订单编号',
  `create_time` datetime DEFAULT NULL COMMENT '申请时间',
  `member_username` varchar(64) DEFAULT NULL COMMENT '会员用户名',
  `return_amount` decimal(10,2) DEFAULT NULL COMMENT '退款金额',
  `return_name` varchar(100) DEFAULT NULL COMMENT '退货人姓名',
  `return_phone` varchar(100) DEFAULT NULL COMMENT '退货人电话',
  `status` int(1) DEFAULT NULL COMMENT '申请状态：0->待处理；1->退货中；2->已完成；3->已拒绝',
  `handle_time` datetime DEFAULT NULL COMMENT '处理时间',
  `product_pic` varchar(500) DEFAULT NULL COMMENT '商品图片',
  `product_name` varchar(200) DEFAULT NULL COMMENT '商品名称',
  `product_brand` varchar(200) DEFAULT NULL COMMENT '商品品牌',
  `product_attr` varchar(500) DEFAULT NULL COMMENT '商品销售属性：颜色：红色；尺码：xl;',
  `product_count` int(11) DEFAULT NULL COMMENT '退货数量',
  `product_price` decimal(10,2) DEFAULT NULL COMMENT '商品单价',
  `product_real_price` decimal(10,2) DEFAULT NULL COMMENT '商品实际支付单价',
  `reason` varchar(200) DEFAULT NULL COMMENT '原因',
  `description` varchar(500) DEFAULT NULL COMMENT '描述',
  `proof_pics` varchar(1000) DEFAULT NULL COMMENT '凭证图片，以逗号隔开',
  `handle_note` varchar(500) DEFAULT NULL COMMENT '处理备注',
  `handle_man` varchar(100) DEFAULT NULL COMMENT '处理人员',
  `receive_man` varchar(100) DEFAULT NULL COMMENT '收货人',
  `receive_time` datetime DEFAULT NULL COMMENT '收货时间',
  `receive_note` varchar(500) DEFAULT NULL COMMENT '收货备注',
  PRIMARY KEY (`id`)
) ENGINE=InnoDB AUTO_INCREMENT=27 DEFAULT CHARSET=utf8 COMMENT='订单退货申请';

/*Data for the table `oms_order_return_apply` */

insert  into `oms_order_return_apply`(`id`,`order_id`,`company_address_id`,`product_id`,`order_sn`,`create_time`,`member_username`,`return_amount`,`return_name`,`return_phone`,`status`,`handle_time`,`product_pic`,`product_name`,`product_brand`,`product_attr`,`product_count`,`product_price`,`product_real_price`,`reason`,`description`,`proof_pics`,`handle_note`,`handle_man`,`receive_man`,`receive_time`,`receive_note`) values (3,12,NULL,26,'201809150101000001','2018-10-17 14:34:57','test',NULL,'大梨','18000000000',0,NULL,'http://macro-oss.oss-cn-shenzhen.aliyuncs.com/mall/images/20180607/5ac1bf58Ndefaac16.jpg','华为 HUAWEI P20','华为','颜色：金色;内存：16G',1,'3788.00','3585.98','质量问题','老是卡','http://macro-oss.oss-cn-shenzhen.aliyuncs.com/mall/images/20180607/5ac1bf58Ndefaac16.jpg,http://macro-oss.oss-cn-shenzhen.aliyuncs.com/mall/images/20180615/xiaomi.jpg',NULL,NULL,NULL,NULL,NULL),(4,12,2,27,'201809150101000001','2018-10-17 14:40:21','test','3585.98','大梨','18000000000',1,'2018-10-18 13:54:10','http://macro-oss.oss-cn-shenzhen.aliyuncs.com/mall/images/20180615/xiaomi.jpg','小米8','小米','颜色：黑色;内存：32G',1,'2699.00','2022.81','质量问题','不够高端','','已经处理了','admin',NULL,NULL,NULL),(5,12,3,28,'201809150101000001','2018-10-17 14:44:18','test','3585.98','大梨','18000000000',2,'2018-10-18 13:55:28','http://macro-oss.oss-cn-shenzhen.aliyuncs.com/mall/images/20180615/5a9d248cN071f4959.jpg','红米5A','小米','颜色：金色;内存：16G',1,'649.00','591.05','质量问题','颜色太土','','已经处理了','admin','admin','2018-10-18 13:55:58','已经处理了'),(8,13,NULL,28,'201809150102000002','2018-10-17 14:44:18','test',NULL,'大梨','18000000000',3,'2018-10-18 13:57:12','http://macro-oss.oss-cn-shenzhen.aliyuncs.com/mall/images/20180615/5a9d248cN071f4959.jpg','红米5A','小米','颜色：金色;内存：16G',1,'649.00','591.05','质量问题','颜色太土','','理由不够充分','admin',NULL,NULL,NULL),(9,14,2,26,'201809130101000001','2018-10-17 14:34:57','test','3500.00','大梨','18000000000',2,'2018-10-24 15:44:56','http://macro-oss.oss-cn-shenzhen.aliyuncs.com/mall/images/20180607/5ac1bf58Ndefaac16.jpg','华为 HUAWEI P20','华为','颜色：金色;内存：16G',1,'3788.00','3585.98','质量问题','老是卡','','呵呵','admin','admin','2018-10-24 15:46:35','收货了'),(10,14,NULL,27,'201809130101000001','2018-10-17 14:40:21','test',NULL,'大梨','18000000000',3,'2018-10-24 15:46:57','http://macro-oss.oss-cn-shenzhen.aliyuncs.com/mall/images/20180615/xiaomi.jpg','小米8','小米','颜色：黑色;内存：32G',1,'2699.00','2022.81','质量问题','不够高端','','就是不退','admin',NULL,NULL,NULL),(11,14,2,28,'201809130101000001','2018-10-17 14:44:18','test','591.05','大梨','18000000000',1,'2018-10-24 17:09:04','http://macro-oss.oss-cn-shenzhen.aliyuncs.com/mall/images/20180615/5a9d248cN071f4959.jpg','红米5A','小米','颜色：金色;内存：16G',1,'649.00','591.05','质量问题','颜色太土','','可以退款','admin',NULL,NULL,NULL),(12,15,3,26,'201809130102000002','2018-10-17 14:34:57','test','3500.00','大梨','18000000000',2,'2018-10-24 17:22:54','http://macro-oss.oss-cn-shenzhen.aliyuncs.com/mall/images/20180607/5ac1bf58Ndefaac16.jpg','华为 HUAWEI P20','华为','颜色：金色;内存：16G',1,'3788.00','3585.98','质量问题','老是卡','','退货了','admin','admin','2018-10-24 17:23:06','收货了'),(13,15,NULL,27,'201809130102000002','2018-10-17 14:40:21','test',NULL,'大梨','18000000000',3,'2018-10-24 17:23:30','http://macro-oss.oss-cn-shenzhen.aliyuncs.com/mall/images/20180615/xiaomi.jpg','小米8','小米','颜色：黑色;内存：32G',1,'2699.00','2022.81','质量问题','不够高端','','无法退货','admin',NULL,NULL,NULL),(15,16,NULL,26,'201809140101000001','2018-10-17 14:34:57','test',NULL,'大梨','18000000000',0,NULL,'http://macro-oss.oss-cn-shenzhen.aliyuncs.com/mall/images/20180607/5ac1bf58Ndefaac16.jpg','华为 HUAWEI P20','华为','颜色：金色;内存：16G',1,'3788.00','3585.98','质量问题','老是卡','',NULL,NULL,NULL,NULL,NULL),(16,16,NULL,27,'201809140101000001','2018-10-17 14:40:21','test',NULL,'大梨','18000000000',0,NULL,'http://macro-oss.oss-cn-shenzhen.aliyuncs.com/mall/images/20180615/xiaomi.jpg','小米8','小米','颜色：黑色;内存：32G',1,'2699.00','2022.81','质量问题','不够高端','',NULL,NULL,NULL,NULL,NULL),(17,16,NULL,28,'201809140101000001','2018-10-17 14:44:18','test',NULL,'大梨','18000000000',0,NULL,'http://macro-oss.oss-cn-shenzhen.aliyuncs.com/mall/images/20180615/5a9d248cN071f4959.jpg','红米5A','小米','颜色：金色;内存：16G',1,'649.00','591.05','质量问题','颜色太土','',NULL,NULL,NULL,NULL,NULL),(18,17,NULL,26,'201809150101000003','2018-10-17 14:34:57','test',NULL,'大梨','18000000000',0,NULL,'http://macro-oss.oss-cn-shenzhen.aliyuncs.com/mall/images/20180607/5ac1bf58Ndefaac16.jpg','华为 HUAWEI P20','华为','颜色：金色;内存：16G',1,'3788.00','3585.98','质量问题','老是卡','',NULL,NULL,NULL,NULL,NULL),(19,17,NULL,27,'201809150101000003','2018-10-17 14:40:21','test',NULL,'大梨','18000000000',0,NULL,'http://macro-oss.oss-cn-shenzhen.aliyuncs.com/mall/images/20180615/xiaomi.jpg','小米8','小米','颜色：黑色;内存：32G',1,'2699.00','2022.81','质量问题','不够高端','',NULL,NULL,NULL,NULL,NULL),(20,17,NULL,28,'201809150101000003','2018-10-17 14:44:18','test',NULL,'大梨','18000000000',0,NULL,'http://macro-oss.oss-cn-shenzhen.aliyuncs.com/mall/images/20180615/5a9d248cN071f4959.jpg','红米5A','小米','颜色：金色;内存：16G',1,'649.00','591.05','质量问题','颜色太土','',NULL,NULL,NULL,NULL,NULL),(21,18,NULL,26,'201809150102000004','2018-10-17 14:34:57','test',NULL,'大梨','18000000000',0,NULL,'http://macro-oss.oss-cn-shenzhen.aliyuncs.com/mall/images/20180607/5ac1bf58Ndefaac16.jpg','华为 HUAWEI P20','华为','颜色：金色;内存：16G',1,'3788.00','3585.98','质量问题','老是卡','',NULL,NULL,NULL,NULL,NULL),(22,18,NULL,27,'201809150102000004','2018-10-17 14:40:21','test',NULL,'大梨','18000000000',0,NULL,'http://macro-oss.oss-cn-shenzhen.aliyuncs.com/mall/images/20180615/xiaomi.jpg','小米8','小米','颜色：黑色;内存：32G',1,'2699.00','2022.81','质量问题','不够高端','',NULL,NULL,NULL,NULL,NULL),(23,18,NULL,28,'201809150102000004','2018-10-17 14:44:18','test',NULL,'大梨','18000000000',0,NULL,'http://macro-oss.oss-cn-shenzhen.aliyuncs.com/mall/images/20180615/5a9d248cN071f4959.jpg','红米5A','小米','颜色：金色;内存：16G',1,'649.00','591.05','质量问题','颜色太土','',NULL,NULL,NULL,NULL,NULL),(24,19,NULL,26,'201809130101000003','2018-10-17 14:34:57','test',NULL,'大梨','18000000000',0,NULL,'http://macro-oss.oss-cn-shenzhen.aliyuncs.com/mall/images/20180607/5ac1bf58Ndefaac16.jpg','华为 HUAWEI P20','华为','颜色：金色;内存：16G',1,'3788.00','3585.98','质量问题','老是卡','',NULL,NULL,NULL,NULL,NULL),(25,19,NULL,27,'201809130101000003','2018-10-17 14:40:21','test',NULL,'大梨','18000000000',0,NULL,'http://macro-oss.oss-cn-shenzhen.aliyuncs.com/mall/images/20180615/xiaomi.jpg','小米8','小米','颜色：黑色;内存：32G',1,'2699.00','2022.81','质量问题','不够高端','',NULL,NULL,NULL,NULL,NULL),(26,19,NULL,28,'201809130101000003','2018-10-17 14:44:18','test',NULL,'大梨','18000000000',0,NULL,'http://macro-oss.oss-cn-shenzhen.aliyuncs.com/mall/images/20180615/5a9d248cN071f4959.jpg','红米5A','小米','颜色：金色;内存：16G',1,'649.00','591.05','质量问题','颜色太土','',NULL,NULL,NULL,NULL,NULL);

/*Table structure for table `oms_order_return_reason` */

DROP TABLE IF EXISTS `oms_order_return_reason`;

CREATE TABLE `oms_order_return_reason` (
  `id` bigint(20) NOT NULL AUTO_INCREMENT,
  `name` varchar(100) DEFAULT NULL COMMENT '退货类型',
  `sort` int(11) DEFAULT NULL,
  `status` int(1) DEFAULT NULL COMMENT '状态：0->不启用；1->启用',
  `create_time` datetime DEFAULT NULL COMMENT '添加时间',
  PRIMARY KEY (`id`)
) ENGINE=InnoDB AUTO_INCREMENT=19 DEFAULT CHARSET=utf8 COMMENT='退货原因表';

/*Data for the table `oms_order_return_reason` */

insert  into `oms_order_return_reason`(`id`,`name`,`sort`,`status`,`create_time`) values (1,'质量问题2',1,1,'2018-10-17 10:00:45'),(2,'尺码太大',1,1,'2018-10-17 10:01:03'),(3,'颜色不喜欢',1,1,'2018-10-17 10:01:13'),(4,'7天无理由退货',1,1,'2018-10-17 10:01:47'),(12,'发票问题',0,1,'2018-10-19 16:28:36'),(13,'其他问题',0,1,'2018-10-19 16:28:51'),(14,'物流问题',0,1,'2018-10-19 16:29:01'),(15,'售后问题',0,1,'2018-10-19 16:29:11'),(16,'价格问题',10,1,NULL);

/*Table structure for table `oms_order_setting` */

DROP TABLE IF EXISTS `oms_order_setting`;

CREATE TABLE `oms_order_setting` (
  `id` bigint(20) NOT NULL AUTO_INCREMENT,
  `flash_order_overtime` int(11) DEFAULT NULL COMMENT '秒杀订单超时关闭时间(分)',
  `normal_order_overtime` int(11) DEFAULT NULL COMMENT '正常订单超时时间(分)',
  `confirm_overtime` int(11) DEFAULT NULL COMMENT '发货后自动确认收货时间（天）',
  `finish_overtime` int(11) DEFAULT NULL COMMENT '自动完成交易时间，不能申请售后（天）',
  `comment_overtime` int(11) DEFAULT NULL COMMENT '订单完成后自动好评时间（天）',
  PRIMARY KEY (`id`)
) ENGINE=InnoDB AUTO_INCREMENT=2 DEFAULT CHARSET=utf8 COMMENT='订单设置表';

/*Data for the table `oms_order_setting` */

insert  into `oms_order_setting`(`id`,`flash_order_overtime`,`normal_order_overtime`,`confirm_overtime`,`finish_overtime`,`comment_overtime`) values (1,60,120,15,7,7);

/*Table structure for table `t_tx_exception` */

DROP TABLE IF EXISTS `t_tx_exception`;

CREATE TABLE `t_tx_exception` (
  `id` bigint(20) NOT NULL AUTO_INCREMENT,
  `group_id` varchar(64) DEFAULT NULL,
  `unit_id` varchar(32) DEFAULT NULL,
  `mod_id` varchar(128) DEFAULT NULL,
  `transaction_state` tinyint(4) DEFAULT NULL,
  `registrar` tinyint(4) DEFAULT NULL,
  `remark` varchar(4096) DEFAULT NULL,
  `ex_state` tinyint(4) DEFAULT NULL COMMENT '0 未解决 1已解决',
  `create_time` datetime DEFAULT NULL,
  PRIMARY KEY (`id`) USING BTREE
) ENGINE=InnoDB DEFAULT CHARSET=utf8mb4 ROW_FORMAT=DYNAMIC;

/*Data for the table `t_tx_exception` */

/*!40101 SET SQL_MODE=@OLD_SQL_MODE */;
/*!40014 SET FOREIGN_KEY_CHECKS=@OLD_FOREIGN_KEY_CHECKS */;
/*!40014 SET UNIQUE_CHECKS=@OLD_UNIQUE_CHECKS */;
/*!40111 SET SQL_NOTES=@OLD_SQL_NOTES */;
